<?xml version="1.0" encoding="UTF-8"?>
<project-private xmlns="http://www.netbeans.org/ns/project-private/1">
    <editor-bookmarks xmlns="http://www.netbeans.org/ns/editor-bookmarks/2" lastBookmarkId="0"/>
    <open-files xmlns="http://www.netbeans.org/ns/projectui-open-files/2">
        <group>
            <file>file:/C:/Users/Hien/Documents/GitHub/KKACO/LetterRecomendation_App/src/java/Interface/UserInterface.java</file>
            <file>file:/C:/Users/Hien/Documents/GitHub/KKACO/LetterRecomendation_App/src/java/BackEnd/LoginController.java</file>
            <file>file:/C:/Users/Hien/Documents/GitHub/KKACO/LetterRecomendation_App/src/java/BackEnd/RegistrationController.java</file>
            <file>file:/C:/Users/Hien/Documents/GitHub/KKACO/LetterRecomendation_App/nbproject/build-impl.xml</file>
        </group>
    </open-files>
</project-private>
